doctorAMKA,username,password,name,surname,specialty
372301064587696,ccook0@wunderground.com,Z0jY7ZUTmD3,Carolyn,Cook,1
201976947992697,mrodriguez1@hatena.ne.jp,ookHReh,Mary,Rodriguez,2
4844890553480605,crichards2@wikimedia.org,6NBSaT,Christine,Richards,3
3528546887247160,kscott3@blinklist.com,mMdJMa5JpL,Kathryn,Scott,4
3565872852409203,mevans4@ox.ac.uk,ieJflM9Zb,Michelle,Evans,5
30400751029246,vharrison5@mapquest.com,1MDLD9u,Virginia,Harrison,6
3537844417030308,clong6@who.int,pjgR70m2V,Clarence,Long,7
5100177349948590,bgarcia7@mapquest.com,it4mf4Gyg4t,Benjamin,Garcia,8
3549504964126885,dhowell8@nytimes.com,u3o3X1EL2U,Diane,Howell,9
374622986283793,lmitchell9@nasa.gov,UbbIhzSYTj,Linda,Mitchell,10
3537859511007622,bjamesa@51.la,DlyDGqzbn,Beverly,James,11
36756544512499,twardb@meetup.com,kmMIh4,Terry,Ward,12
374288783393498,ldayc@geocities.jp,pXtdJc,Lawrence,Day,13
4913781114412342,emillsd@google.de,987s8cp7WNq0,Earl,Mills,14
4913457862323862,dpalmere@ucoz.com,7P9FqLp2W,Doris,Palmer,15
633325356325741801,aedwardsf@exblog.jp,LvCgjOcqy,Ashley,Edwards,15
374283551924806,lgonzalezg@google.co.jp,OKL4kqRo,Lawrence,Gonzalez,14
6331101528239306450,salexanderh@fotki.com,WclXgH2kV3,Sarah,Alexander,13
5100138761745641,towensi@freewebs.com,zAhtkm4DQ,Tina,Owens,12
6304161666376116,dfowlerj@etsy.com,KxYkmBgUU3tp,Daniel,Fowler,11
6304745877947815701,tbrownk@illinois.edu,YjcCMHaAqp,Todd,Brown,10
3533987886801784,dgrantl@ibm.com,TbXobjfQNt,Dennis,Grant,9
30417115040586,elanem@nytimes.com,8KKYjIhliyL,Elizabeth,Lane,8
4986101036974,cwatsonn@time.com,Y6oNPv81Mtu,Chris,Watson,7
63048034991073397,cchavezo@earthlink.net,kRJ2kwe,Clarence,Chavez,6
3531589109644678,karnoldp@java.com,f8TNbSoga5,Kevin,Arnold,5
06042728556976184,lalexanderq@dropbox.com,8baw4P,Larry,Alexander,4
5602233538436732,pmyersr@wikipedia.org,JhHZIw9GW,Phyllis,Myers,3
3538166810727911,gcruzs@harvard.edu,CosAl2,Gloria,Cruz,2
3565165312704283,kjonest@utexas.edu,264Csj,Katherine,Jones,1
