patientAMKA,userid,password,name,surname,gender
4017954515276,plynch0@yellowpages.com,uu6CXc,Philip,Lynch,Male
3584100898092156,bmendoza1@noaa.gov,dEOwS5qGUj,Betty,Mendoza,Female
3529496835719515,jandrews2@slideshare.net,CQgUIRyTw,Juan,Andrews,Male
4405943372313506,jcunningham3@who.int,GpbP8vbTOQQg,Jane,Cunningham,Female
3571467434820662,hstone4@ocn.ne.jp,4AqL2wd4OqP,Harry,Stone,Male
3547374203778454,ckennedy5@comsenz.com,zLmkzsRv,Cheryl,Kennedy,Female
4911887537919672,hmoreno6@google.it,e8WPSQVYMH,Heather,Moreno,Female
5100171506104063,fbishop7@eepurl.com,rGkyO9JE6Uvd,Frank,Bishop,Male
5100172404916327,jrobinson8@google.es,dWVrSG,Julia,Robinson,Female
5602259710207310,mfowler9@icq.com,Jaa4xsU5,Martha,Fowler,Female
3579867798465156,ndanielsa@nih.gov,hkdmMqZSCaz,Norma,Daniels,Female
58936622752212835,pfreemanb@nih.gov,jGYA7Kkm,Peter,Freeman,Male
5545069135243133,lcooperc@sogou.com,DoySPONJ5F,Lawrence,Cooper,Male
4936109433267869463,asimsd@theguardian.com,tJqS9Qnel,Ashley,Sims,Female
30449089552551,dhalle@discovery.com,2B2sbyxHGEHY,Doris,Hall,Female
4917350859351523,jjacksonf@nationalgeographic.com,OuLmvfK,Jessica,Jackson,Female
3542364054730410,vburkeg@cbslocal.com,cNSSS8hHqAI,Victor,Burke,Male
3540972056950505,arogersh@linkedin.com,NFxTBZpSZw0,Anthony,Rogers,Male
3580351532708780,makis@yahoo.gr,8289328923k,Makis,Theologou,Male
344026855750287,takis@hotmail.com,832923k,Takis,Kapa,Male
5602223679431287,rogers@hah.com,uji3k9,Rogers,Hahas,Male
3585313417632167,soula@com.com,8329832r,Soula,Hannah,Female
5411708623011319,kostas@lala.com,382923k,Kostas,Doxas,Male
5048372336810904,sotos@hotm.com,2343jk,Sotiris,Falas,Male
30314134227387,lena@lenaki.com,27923jkkl,Lena,Faviou,Female
6385889158726818,simos@yahoo.com,kejie4,Simos,Elafonissos,Male
4026221654365133,fanis@ar.com,3jkj34,Fanis,Aristofanis,Male
3548950820137239,stef@sal.org,3892389k,Stefania,Stefou,Female
5251907933250038,anna@annou.com,3jkj3,Anna,Kourkou,Female
3568879343840745,sonia@windows.com,389832kjnd,Sonia,Tonos,Female
5450219980245633,arxaggelos@sol.com,389823k,Arxaggelos,Gavrihl,Male
3537882242200373,mixalis@yahoo.com,5564jk3,Mixalis,Kourkou,Male
5100131674044004,kostas@yahoo.com,33kj4k3j4,Kostas,Karras,Male
5610556347791495,stelios@yahoo.com,3nhh43kj4k3,Stelios,Kourkou,Male
4903105560445311,maria@yahoo.com,34jkj342,Maria,Pavlou,Female
4041374797904994,natassa@yahoo.com,sddfd,Natassa,Pavlou,Female
3582374339719493,popi@yahoo.com,hkj3k2,Popi,Latzaki,Female
